{"cameraMode":{"drawMode":0,"name":"Shaded","section":"Shading Mode"},"sceneLighting":false,"audioPlay":false,"sceneViewState":{"m_AlwaysRefresh":false,"showFog":true,"showSkybox":false,"showFlares":true,"showImageEffects":true,"showParticleSystems":true,"showVisualEffectGraphs":true,"m_FxEnabled":true},"in2DMode":false,"pivot":{"x":528.3970947265625,"y":252.50942993164063,"z":66.3780517578125},"rotation":{"x":-0.04679349064826965,"y":-0.0024023859295994045,"z":0.00010322935122530907,"w":-0.9989162087440491},"size":334.3656921386719,"orthographic":false}