{"cameraMode":{"drawMode":0,"name":"Shaded","section":"Shading Mode"},"sceneLighting":false,"audioPlay":false,"sceneViewState":{"m_AlwaysRefresh":false,"showFog":true,"showSkybox":false,"showFlares":true,"showImageEffects":true,"showParticleSystems":true,"showVisualEffectGraphs":true,"m_FxEnabled":true},"in2DMode":false,"pivot":{"x":544.129638671875,"y":249.75933837890626,"z":-38.16424560546875},"rotation":{"x":-0.07074736058712006,"y":-0.009878152050077916,"z":0.0006994587602093816,"w":-0.9974477887153626},"size":263.0201110839844,"orthographic":false}